vocabulary_id,lemma,article_id,learning_role,occurrence_count,original_form,matched_form,context_sentence,coverage_status,match_method,review_note
cet4-400c1c1ad6d6,ago,CH001,new,1,ago,ago,"Three months ago, Lin Wei had imagined university as a quiet place where success would depend on private effort.",draft_sample_verified,case-insensitive exact whole-entry regex,Requires semantic/human review before final coverage credit
cet4-34fc9bdeebca,achieve,CH001,new,1,achieve,achieve,"In language class, an infinitive might be easy to identify; in a crowd, “to register” was harder to achieve.",draft_sample_verified,case-insensitive exact whole-entry regex,Requires semantic/human review before final coverage credit
cet4-f4c391a471c2,lord,CH001,new,1,lord,lord,"“Good lord, there are plenty of maps, but none of them agree,” said Maya Chen, who was eating a noodle from a paper cup.",draft_sample_verified,case-insensitive exact whole-entry regex,Requires semantic/human review before final coverage credit
cet4-e1e7a9d8c44a,recently,CH001,new,1,recently,recently,"The university had recently released an orientation app, but it kept sending students to a locked door.",draft_sample_verified,case-insensitive exact whole-entry regex,Requires semantic/human review before final coverage credit
cet4-8d10d9d6edf9,depend,CH001,new,1,depend,depend,"Three months ago, Lin Wei had imagined university as a quiet place where success would depend on private effort.",draft_sample_verified,case-insensitive exact whole-entry regex,Requires semantic/human review before final coverage credit
cet4-3aa073789c0f,illustrate,CH001,new,2,illustrate,illustrate,The campus signs did little to illustrate which route was open.,draft_sample_verified,case-insensitive exact whole-entry regex,Requires semantic/human review before final coverage credit
cet4-6a6cb2239ff1,plenty,CH001,new,1,plenty,plenty,"“Good lord, there are plenty of maps, but none of them agree,” said Maya Chen, who was eating a noodle from a paper cup.",draft_sample_verified,case-insensitive exact whole-entry regex,Requires semantic/human review before final coverage credit
cet4-aedae75016de,creative,CH001,new,1,creative,creative,Now he watched a creative crowd invent its own directions.,draft_sample_verified,case-insensitive exact whole-entry regex,Requires semantic/human review before final coverage credit
cet4-0ce78675c52b,autumn,CH001,new,1,autumn,autumn,"Yet on a bright autumn morning, he stood outside Harbor City University's registration hall with a cell phone in one hand and a paper map in the other.",draft_sample_verified,case-insensitive exact whole-entry regex,Requires semantic/human review before final coverage credit
cet4-077da0a1e134,inspire,CH001,new,1,inspire,inspire,"Near a wall of remembrance, under a starry design painted by former students, Maya said that a useful system should inspire confidence rather than reward the people who excel at guessing.",draft_sample_verified,case-insensitive exact whole-entry regex,Requires semantic/human review before final coverage credit
cet4-2fa0f165fa67,strengthen,CH001,new,1,strengthen,strengthen,Each clear image could strengthen one instruction and reinforce the next.,draft_sample_verified,case-insensitive exact whole-entry regex,Requires semantic/human review before final coverage credit
cet4-32d9a53f09cc,automatically,CH001,new,1,automatically,automatically,"Its screen automatically moved upward through a list of error messages, including one called “address normalization.” A picky administrator told everyone to conform to the printed instructions.",draft_sample_verified,case-insensitive exact whole-entry regex,Requires semantic/human review before final coverage credit
cet4-1755c503afc5,reinforce,CH001,new,1,reinforce,reinforce,Each clear image could strengthen one instruction and reinforce the next.,draft_sample_verified,case-insensitive exact whole-entry regex,Requires semantic/human review before final coverage credit
cet4-7a4acc7af8a6,rope,CH001,new,1,rope,rope,"A volunteer stretched a rope across the unsafe path, and the line of students moved steadily toward the wrong building.",draft_sample_verified,case-insensitive exact whole-entry regex,Requires semantic/human review before final coverage credit
cet4-c7fed063c962,steadily,CH001,new,1,steadily,steadily,"A volunteer stretched a rope across the unsafe path, and the line of students moved steadily toward the wrong building.",draft_sample_verified,case-insensitive exact whole-entry regex,Requires semantic/human review before final coverage credit
cet4-df5965b4902f,lately,CH001,new,1,lately,Lately,"Lately, Lin had tried to appear calm and youthful.",draft_sample_verified,case-insensitive exact whole-entry regex,Requires semantic/human review before final coverage credit
cet4-35b0ab7b7e7a,supportive,CH001,new,1,supportive,supportive,"Lin expected Maya to brag about finding the error first, but she was supportive.",draft_sample_verified,case-insensitive exact whole-entry regex,Requires semantic/human review before final coverage credit
cet4-f629dfd648c9,conform,CH001,new,1,conform,conform,"Its screen automatically moved upward through a list of error messages, including one called “address normalization.” A picky administrator told everyone to conform to the printed instructions.",draft_sample_verified,case-insensitive exact whole-entry regex,Requires semantic/human review before final coverage credit
cet4-7dbd57fd9bfc,drought,CH001,new,1,drought,drought,"On one map, a grassy path crossed land marked for drought research; on another, the same path ended beside a tidal laboratory.",draft_sample_verified,case-insensitive exact whole-entry regex,Requires semantic/human review before final coverage credit
cet4-f9a2d6a95d85,theirs,CH001,new,2,theirs,theirs,"The old maps were theirs to criticize, but the new solution would be theirs to maintain.",draft_sample_verified,case-insensitive exact whole-entry regex,Requires semantic/human review before final coverage credit
cet4-c4a9a5c7997c,summarize,CH001,new,1,summarize,summarize,Maya gave an exclamatory reply—“How?”—and asked Lin to summarize the problem.,draft_sample_verified,case-insensitive exact whole-entry regex,Requires semantic/human review before final coverage credit
cet4-5bfd19e1051e,cigar,CH001,new,1,cigar,cigar,A visitor nearby waved an unlit cigar and complained that the smoggy air made every building look alike.,draft_sample_verified,case-insensitive exact whole-entry regex,Requires semantic/human review before final coverage credit
cet4-de1a625c135e,upward,CH001,new,1,upward,upward,"Its screen automatically moved upward through a list of error messages, including one called “address normalization.” A picky administrator told everyone to conform to the printed instructions.",draft_sample_verified,case-insensitive exact whole-entry regex,Requires semantic/human review before final coverage credit
cet4-988f19c819ed,helpless,CH001,new,1,helpless,helpless,Some looked helpless.,draft_sample_verified,case-insensitive exact whole-entry regex,Requires semantic/human review before final coverage credit
cet4-33c295d63331,infinitive,CH001,new,1,infinitive,infinitive,"In language class, an infinitive might be easy to identify; in a crowd, “to register” was harder to achieve.",draft_sample_verified,case-insensitive exact whole-entry regex,Requires semantic/human review before final coverage credit
cet4-2b7ca8f578ca,excel,CH001,new,1,excel,excel,"Near a wall of remembrance, under a starry design painted by former students, Maya said that a useful system should inspire confidence rather than reward the people who excel at guessing.",draft_sample_verified,case-insensitive exact whole-entry regex,Requires semantic/human review before final coverage credit
cet4-5c34748e0384,youthful,CH001,new,1,youthful,youthful,"Lately, Lin had tried to appear calm and youthful.",draft_sample_verified,case-insensitive exact whole-entry regex,Requires semantic/human review before final coverage credit
cet4-91a73c9712be,noodle,CH001,new,1,noodle,noodle,"“Good lord, there are plenty of maps, but none of them agree,” said Maya Chen, who was eating a noodle from a paper cup.",draft_sample_verified,case-insensitive exact whole-entry regex,Requires semantic/human review before final coverage credit
cet4-dcf25b1d4e51,brag,CH001,new,1,brag,brag,"Lin expected Maya to brag about finding the error first, but she was supportive.",draft_sample_verified,case-insensitive exact whole-entry regex,Requires semantic/human review before final coverage credit
cet4-bb4a33cb2fe3,tidal,CH001,new,1,tidal,tidal,"On one map, a grassy path crossed land marked for drought research; on another, the same path ended beside a tidal laboratory.",draft_sample_verified,case-insensitive exact whole-entry regex,Requires semantic/human review before final coverage credit
cet4-e0c4a0e0a075,grassy,CH001,new,1,grassy,grassy,"On one map, a grassy path crossed land marked for drought research; on another, the same path ended beside a tidal laboratory.",draft_sample_verified,case-insensitive exact whole-entry regex,Requires semantic/human review before final coverage credit
cet4-d7457032eea2,broke,CH001,new,1,broke,broke,Then the registration kiosk broke.,draft_sample_verified,case-insensitive exact whole-entry regex,Requires semantic/human review before final coverage credit
cet4-6f5a759d4255,remembrance,CH001,new,1,remembrance,remembrance,"Near a wall of remembrance, under a starry design painted by former students, Maya said that a useful system should inspire confidence rather than reward the people who excel at guessing.",draft_sample_verified,case-insensitive exact whole-entry regex,Requires semantic/human review before final coverage credit
cet4-a3800ad054cd,starry,CH001,new,1,starry,starry,"Near a wall of remembrance, under a starry design painted by former students, Maya said that a useful system should inspire confidence rather than reward the people who excel at guessing.",draft_sample_verified,case-insensitive exact whole-entry regex,Requires semantic/human review before final coverage credit
cet4-9e523005e25d,normalization,CH001,new,1,normalization,normalization,"Its screen automatically moved upward through a list of error messages, including one called “address normalization.” A picky administrator told everyone to conform to the printed instructions.",draft_sample_verified,case-insensitive exact whole-entry regex,Requires semantic/human review before final coverage credit
cet4-abb4d63c264d,picky,CH001,new,1,picky,picky,"Its screen automatically moved upward through a list of error messages, including one called “address normalization.” A picky administrator told everyone to conform to the printed instructions.",draft_sample_verified,case-insensitive exact whole-entry regex,Requires semantic/human review before final coverage credit
cet4-abd5484bde30,app,CH001,new,2,app,app,"The university had recently released an orientation app, but it kept sending students to a locked door.",draft_sample_verified,case-insensitive exact whole-entry regex,Requires semantic/human review before final coverage credit
cet4-22d8d8f7839e,cowardice,CH001,new,1,cowardice,cowardice,Lin admitted that silence would have been cowardice.,draft_sample_verified,case-insensitive exact whole-entry regex,Requires semantic/human review before final coverage credit
cet4-6edeee8ad3ab,rapidity,CH001,new,1,rapidity,rapidity,Their correction worked with surprising rapidity.,draft_sample_verified,case-insensitive exact whole-entry regex,Requires semantic/human review before final coverage credit
cet4-9b89e02af4a1,dignify,CH001,new,1,dignify,dignify,"A boastful solution could not dignify its users, and technology alone could not civilize an institution.",draft_sample_verified,case-insensitive exact whole-entry regex,Requires semantic/human review before final coverage credit
cet4-3941ddc93dfa,boastful,CH001,new,1,boastful,boastful,"A boastful solution could not dignify its users, and technology alone could not civilize an institution.",draft_sample_verified,case-insensitive exact whole-entry regex,Requires semantic/human review before final coverage credit
cet4-a287c84100b9,civilize,CH001,new,1,civilize,civilize,"A boastful solution could not dignify its users, and technology alone could not civilize an institution.",draft_sample_verified,case-insensitive exact whole-entry regex,Requires semantic/human review before final coverage credit
cet4-16991ebe1b2b,smoggy,CH001,new,1,smoggy,smoggy,A visitor nearby waved an unlit cigar and complained that the smoggy air made every building look alike.,draft_sample_verified,case-insensitive exact whole-entry regex,Requires semantic/human review before final coverage credit
cet4-bfb7cb7c6327,exclamatory,CH001,new,1,exclamatory,exclamatory,Maya gave an exclamatory reply—“How?”—and asked Lin to summarize the problem.,draft_sample_verified,case-insensitive exact whole-entry regex,Requires semantic/human review before final coverage credit
cet4-977e94113fdf,cell phone,CH001,new,1,cell phone,cell phone,"Yet on a bright autumn morning, he stood outside Harbor City University's registration hall with a cell phone in one hand and a paper map in the other.",draft_sample_verified,case-insensitive exact whole-entry regex,Requires semantic/human review before final coverage credit
cet4-434009d5278d,especially,CH050,new,1,especially,especially,Here was a wonderful dashboard showing a huge increase in admission requests—especially from a mountainous district—but the figures did not match the paper receipt kept by each local office.,draft_sample_verified,case-insensitive exact whole-entry regex,Requires semantic/human review before final coverage credit
cet4-4a8754a102dd,exist,CH050,new,1,exist,exist,"Maya, now practicing journalism at the company, asked one particular question: did the missing applications still exist?",draft_sample_verified,case-insensitive exact whole-entry regex,Requires semantic/human review before final coverage credit
cet4-f3c4c806eaa0,huge,CH050,new,1,huge,huge,Here was a wonderful dashboard showing a huge increase in admission requests—especially from a mountainous district—but the figures did not match the paper receipt kept by each local office.,draft_sample_verified,case-insensitive exact whole-entry regex,Requires semantic/human review before final coverage credit
cet4-73ba6abad06d,considerable,CH050,new,1,considerable,considerable,A considerable number had disappeared after a regulatory update.,draft_sample_verified,case-insensitive exact whole-entry regex,Requires semantic/human review before final coverage credit
cet4-269d1e0dc514,wonderful,CH050,new,1,wonderful,wonderful,Here was a wonderful dashboard showing a huge increase in admission requests—especially from a mountainous district—but the figures did not match the paper receipt kept by each local office.,draft_sample_verified,case-insensitive exact whole-entry regex,Requires semantic/human review before final coverage credit
cet4-c77531bbe2f7,increasingly,CH050,new,1,increasingly,increasingly,The problem was increasingly serious.,draft_sample_verified,case-insensitive exact whole-entry regex,Requires semantic/human review before final coverage credit
cet4-649a19da8482,somewhat,CH050,new,1,somewhat,somewhat,"All sixteen charts used the same framework, and each looked somewhat convincing.",draft_sample_verified,case-insensitive exact whole-entry regex,Requires semantic/human review before final coverage credit
cet4-4bc887b32a72,vast,CH050,new,1,vast,vast,"Its representative described the loss as petty, then praised the vast benefits for an immense user base.",draft_sample_verified,case-insensitive exact whole-entry regex,Requires semantic/human review before final coverage credit
cet4-963c4aa1dfc4,deeply,CH050,new,1,deeply,deeply,Lin felt deeply disappointed.,draft_sample_verified,case-insensitive exact whole-entry regex,Requires semantic/human review before final coverage credit
cet4-c30e4ac4ec54,framework,CH050,new,1,framework,framework,"All sixteen charts used the same framework, and each looked somewhat convincing.",draft_sample_verified,case-insensitive exact whole-entry regex,Requires semantic/human review before final coverage credit
cet4-8de5a78b42c6,admission,CH050,new,2,admission,admission,Here was a wonderful dashboard showing a huge increase in admission requests—especially from a mountainous district—but the figures did not match the paper receipt kept by each local office.,draft_sample_verified,case-insensitive exact whole-entry regex,Requires semantic/human review before final coverage credit
cet4-9435467dc0d2,fourteen,CH050,new,1,fourteen,fourteen,"Grace opened fourteen sample files, then thirteen more.",draft_sample_verified,case-insensitive exact whole-entry regex,Requires semantic/human review before final coverage credit
cet4-e4e46c95589d,sixteen,CH050,new,1,sixteen,sixteen,"All sixteen charts used the same framework, and each looked somewhat convincing.",draft_sample_verified,case-insensitive exact whole-entry regex,Requires semantic/human review before final coverage credit
cet4-926b2ff8cf76,violate,CH050,new,1,violate,violate,"A conditional rule was meant to prohibit duplicate claims; instead, it could violate equal-access policy by blocking people with slow connections.",draft_sample_verified,case-insensitive exact whole-entry regex,Requires semantic/human review before final coverage credit
cet4-447a19621f0a,thirteen,CH050,new,1,thirteen,thirteen,"Grace opened fourteen sample files, then thirteen more.",draft_sample_verified,case-insensitive exact whole-entry regex,Requires semantic/human review before final coverage credit
cet4-6cc12e9ca9e4,receipt,CH050,new,2,receipt,receipt,Here was a wonderful dashboard showing a huge increase in admission requests—especially from a mountainous district—but the figures did not match the paper receipt kept by each local office.,draft_sample_verified,case-insensitive exact whole-entry regex,Requires semantic/human review before final coverage credit
cet4-73d738805676,abolish,CH050,new,1,abolish,abolish,Good oversight could not abolish evidence merely because the evidence was inconvenient.,draft_sample_verified,case-insensitive exact whole-entry regex,Requires semantic/human review before final coverage credit
cet4-8b1c18ff0d5a,seventeen,CH050,new,1,seventeen,Seventeen,"Seventeen users had tried repeatedly, but the system treated every resumption as a new session.",draft_sample_verified,case-insensitive exact whole-entry regex,Requires semantic/human review before final coverage credit
cet4-e45f8050c468,regulatory,CH050,new,1,regulatory,regulatory,A considerable number had disappeared after a regulatory update.,draft_sample_verified,case-insensitive exact whole-entry regex,Requires semantic/human review before final coverage credit
cet4-80122f35d09b,prohibit,CH050,new,2,prohibit,prohibit,"A conditional rule was meant to prohibit duplicate claims; instead, it could violate equal-access policy by blocking people with slow connections.",draft_sample_verified,case-insensitive exact whole-entry regex,Requires semantic/human review before final coverage credit
cet4-9df9c4d2028b,journalism,CH050,new,2,journalism,journalism,"Maya, now practicing journalism at the company, asked one particular question: did the missing applications still exist?",draft_sample_verified,case-insensitive exact whole-entry regex,Requires semantic/human review before final coverage credit
cet4-429dca7d1cd1,immense,CH050,new,1,immense,immense,"Its representative described the loss as petty, then praised the vast benefits for an immense user base.",draft_sample_verified,case-insensitive exact whole-entry regex,Requires semantic/human review before final coverage credit
cet4-d3f6f2aa7d27,beneficial,CH050,new,1,beneficial,beneficial,"A preferential success rate for well-connected users was not beneficial to the public, and no form of professional admission could excuse concealment.",draft_sample_verified,case-insensitive exact whole-entry regex,Requires semantic/human review before final coverage credit
cet4-809acbee6dd2,authorize,CH050,new,1,authorize,authorize,The software vendor wanted to simplify the report and authorize release.,draft_sample_verified,case-insensitive exact whole-entry regex,Requires semantic/human review before final coverage credit
cet4-a221eb464f15,oversight,CH050,new,2,oversight,oversight,Good oversight could not abolish evidence merely because the evidence was inconvenient.,draft_sample_verified,case-insensitive exact whole-entry regex,Requires semantic/human review before final coverage credit
cet4-3e86cc92d02c,petty,CH050,new,1,petty,petty,"Its representative described the loss as petty, then praised the vast benefits for an immense user base.",draft_sample_verified,case-insensitive exact whole-entry regex,Requires semantic/human review before final coverage credit
cet4-8137a97dfd9b,simplify,CH050,new,1,simplify,simplify,The software vendor wanted to simplify the report and authorize release.,draft_sample_verified,case-insensitive exact whole-entry regex,Requires semantic/human review before final coverage credit
cet4-bf9f42225178,conditional,CH050,new,1,conditional,conditional,"A conditional rule was meant to prohibit duplicate claims; instead, it could violate equal-access policy by blocking people with slow connections.",draft_sample_verified,case-insensitive exact whole-entry regex,Requires semantic/human review before final coverage credit
cet4-9b4f16149d85,disappoint,CH050,new,1,disappoint,disappoint,"The decision would disappoint investors expecting an immediate launch, but it protected admittance for real users.",draft_sample_verified,case-insensitive exact whole-entry regex,Requires semantic/human review before final coverage credit
cet4-48ebc8464983,metallic,CH050,new,1,metallic,metallic,Daniel placed a metallic box on the table.,draft_sample_verified,case-insensitive exact whole-entry regex,Requires semantic/human review before final coverage credit
cet4-99afdb181efa,wreckage,CH050,new,1,wreckage,wreckage,"It held the wreckage of a damaged field terminal, a manual, an old coinage sample used in training, and a printed receipt.",draft_sample_verified,case-insensitive exact whole-entry regex,Requires semantic/human review before final coverage credit
cet4-86540ecd358a,avoidance,CH050,new,1,avoidance,avoidance,The apparent avoidance of fraud had created a discriminatory result.,draft_sample_verified,case-insensitive exact whole-entry regex,Requires semantic/human review before final coverage credit
cet4-46d2adff6280,plentiful,CH050,new,1,plentiful,plentiful,"In areas of scarcity, equipment was not plentiful; a commuter might spend a week traveling to submit one form.",draft_sample_verified,case-insensitive exact whole-entry regex,Requires semantic/human review before final coverage credit
cet4-097dfd9b220f,scarcity,CH050,new,1,scarcity,scarcity,"In areas of scarcity, equipment was not plentiful; a commuter might spend a week traveling to submit one form.",draft_sample_verified,case-insensitive exact whole-entry regex,Requires semantic/human review before final coverage credit
cet4-7978885b1333,discriminatory,CH050,new,1,discriminatory,discriminatory,The apparent avoidance of fraud had created a discriminatory result.,draft_sample_verified,case-insensitive exact whole-entry regex,Requires semantic/human review before final coverage credit
cet4-e01161ec943b,preferential,CH050,new,1,preferential,preferential,"A preferential success rate for well-connected users was not beneficial to the public, and no form of professional admission could excuse concealment.",draft_sample_verified,case-insensitive exact whole-entry regex,Requires semantic/human review before final coverage credit
cet4-5e91d3bec4a3,resumption,CH050,new,2,resumption,resumption,"Seventeen users had tried repeatedly, but the system treated every resumption as a new session.",draft_sample_verified,case-insensitive exact whole-entry regex,Requires semantic/human review before final coverage credit
cet4-1e3a99156fac,mountainous,CH050,new,1,mountainous,mountainous,Here was a wonderful dashboard showing a huge increase in admission requests—especially from a mountainous district—but the figures did not match the paper receipt kept by each local office.,draft_sample_verified,case-insensitive exact whole-entry regex,Requires semantic/human review before final coverage credit
cet4-0cd197639d1e,mounting,CH050,new,1,mounting,mounting,"The accountant calculated the mounting cost of correction, while Grace prepared a lawful resumption plan.",draft_sample_verified,case-insensitive exact whole-entry regex,Requires semantic/human review before final coverage credit
cet4-31dabc805523,coinage,CH050,new,1,coinage,coinage,"It held the wreckage of a damaged field terminal, a manual, an old coinage sample used in training, and a printed receipt.",draft_sample_verified,case-insensitive exact whole-entry regex,Requires semantic/human review before final coverage credit
cet4-15567fce50cd,deceit,CH050,new,1,deceit,deceit,Maya wrote up the finding without deceit or exaggeration.,draft_sample_verified,case-insensitive exact whole-entry regex,Requires semantic/human review before final coverage credit
cet4-0d9cd4e70070,puzzlement,CH050,new,1,puzzlement,puzzlement,"Faced with the immensity of the repair, Lin still felt some puzzlement; yet the team's practice was now clear: strong journalism, careful management, and honest collaboration had to come before a promising deadline.",draft_sample_verified,case-insensitive exact whole-entry regex,Requires semantic/human review before final coverage credit
cet4-72fa72ae9be7,concealment,CH050,new,1,concealment,concealment,"A preferential success rate for well-connected users was not beneficial to the public, and no form of professional admission could excuse concealment.",draft_sample_verified,case-insensitive exact whole-entry regex,Requires semantic/human review before final coverage credit
cet4-7a80c7774706,immensity,CH050,new,2,immensity,immensity,The physical evidence made the immensity of the digital gap visible.,draft_sample_verified,case-insensitive exact whole-entry regex,Requires semantic/human review before final coverage credit
cet4-61e251afd4d9,admittance,CH050,new,1,admittance,admittance,"The decision would disappoint investors expecting an immediate launch, but it protected admittance for real users.",draft_sample_verified,case-insensitive exact whole-entry regex,Requires semantic/human review before final coverage credit
cet4-b82f5ed245da,all,CH050,review,1,all,All,"All sixteen charts used the same framework, and each looked somewhat convincing.",draft_sample_verified,case-insensitive exact whole-entry regex,Requires semantic/human review before final coverage credit
cet4-a1483f286384,always,CH050,review,1,always,always,Management had always called this a big success and asked the team to show it to investors; Maya reminded them that the missing forms belonged to real people.,draft_sample_verified,case-insensitive exact whole-entry regex,Requires semantic/human review before final coverage credit
cet4-5357b1976ff1,big,CH050,review,1,big,big,Management had always called this a big success and asked the team to show it to investors; Maya reminded them that the missing forms belonged to real people.,draft_sample_verified,case-insensitive exact whole-entry regex,Requires semantic/human review before final coverage credit
cet4-a2d3600d0862,first,CH050,review,1,first,first,"By the first minute of Monday's management meeting, the team could hear that something was wrong.",draft_sample_verified,case-insensitive exact whole-entry regex,Requires semantic/human review before final coverage credit
cet4-3200fa9a2181,form,CH050,review,2,form,form,"A preferential success rate for well-connected users was not beneficial to the public, and no form of professional admission could excuse concealment.",draft_sample_verified,case-insensitive exact whole-entry regex,Requires semantic/human review before final coverage credit
cet4-b048b7e4351e,hear,CH050,review,1,hear,hear,"By the first minute of Monday's management meeting, the team could hear that something was wrong.",draft_sample_verified,case-insensitive exact whole-entry regex,Requires semantic/human review before final coverage credit
cet4-5d5b983e4ab0,here,CH050,review,1,here,Here,Here was a wonderful dashboard showing a huge increase in admission requests—especially from a mountainous district—but the figures did not match the paper receipt kept by each local office.,draft_sample_verified,case-insensitive exact whole-entry regex,Requires semantic/human review before final coverage credit
cet4-08e0d34c3314,management,CH050,review,3,management,management,"By the first minute of Monday's management meeting, the team could hear that something was wrong.",draft_sample_verified,case-insensitive exact whole-entry regex,Requires semantic/human review before final coverage credit
cet4-27a930602d0e,minute,CH050,review,1,minute,minute,"By the first minute of Monday's management meeting, the team could hear that something was wrong.",draft_sample_verified,case-insensitive exact whole-entry regex,Requires semantic/human review before final coverage credit
cet4-0134298b0086,particular,CH050,review,1,particular,particular,"Maya, now practicing journalism at the company, asked one particular question: did the missing applications still exist?",draft_sample_verified,case-insensitive exact whole-entry regex,Requires semantic/human review before final coverage credit
cet4-955bb8aed026,police,CH050,review,1,police,police,"The team asked the police liaison only about device theft, not about applicants.",draft_sample_verified,case-insensitive exact whole-entry regex,Requires semantic/human review before final coverage credit
cet4-db7b4acb3846,practice,CH050,review,1,practice,practice,"Faced with the immensity of the repair, Lin still felt some puzzlement; yet the team's practice was now clear: strong journalism, careful management, and honest collaboration had to come before a promising deadline.",draft_sample_verified,case-insensitive exact whole-entry regex,Requires semantic/human review before final coverage credit
cet4-3b70bcf2ea7a,spend,CH050,review,1,spend,spend,"In areas of scarcity, equipment was not plentiful; a commuter might spend a week traveling to submit one form.",draft_sample_verified,case-insensitive exact whole-entry regex,Requires semantic/human review before final coverage credit
cet4-3730ee3dc8d7,team,CH050,review,4,team,team,"By the first minute of Monday's management meeting, the team could hear that something was wrong.",draft_sample_verified,case-insensitive exact whole-entry regex,Requires semantic/human review before final coverage credit
cet4-a8e1c0f21bb1,them,CH050,review,1,them,them,Management had always called this a big success and asked the team to show it to investors; Maya reminded them that the missing forms belonged to real people.,draft_sample_verified,case-insensitive exact whole-entry regex,Requires semantic/human review before final coverage credit
cet4-75e932b10e8c,this,CH050,review,1,this,this,Management had always called this a big success and asked the team to show it to investors; Maya reminded them that the missing forms belonged to real people.,draft_sample_verified,case-insensitive exact whole-entry regex,Requires semantic/human review before final coverage credit
cet4-ba288ba202dc,up,CH050,review,1,up,up,Maya wrote up the finding without deceit or exaggeration.,draft_sample_verified,case-insensitive exact whole-entry regex,Requires semantic/human review before final coverage credit
cet4-229e3423dd11,week,CH050,review,1,week,week,"In areas of scarcity, equipment was not plentiful; a commuter might spend a week traveling to submit one form.",draft_sample_verified,case-insensitive exact whole-entry regex,Requires semantic/human review before final coverage credit
cet4-e88286aabb71,and,CH090,new,7,and,and,"The local team used a computer screen to view every runway, road, parking area, and service car across the full range of the site, from the control-room door to the nearest street.",draft_sample_verified,case-insensitive exact whole-entry regex,Requires semantic/human review before final coverage credit
cet4-a8653162d4c5,get,CH090,new,2,get,GET,"As Lin entered, a red statement appeared: GET NEW DATA.",draft_sample_verified,case-insensitive exact whole-entry regex,Requires semantic/human review before final coverage credit
cet4-ed983c484bbd,time,CH090,new,2,time,time,They had little time to wait.,draft_sample_verified,case-insensitive exact whole-entry regex,Requires semantic/human review before final coverage credit
cet4-757ca50a4ceb,group,CH090,new,2,group,group,A group of engineers began to draw the system in the limited space on a wall.,draft_sample_verified,case-insensitive exact whole-entry regex,Requires semantic/human review before final coverage credit
cet4-1709c9648c6d,long,CH090,new,1,long,long,"At this stage of development, the international airport project had a long record of safe tests.",draft_sample_verified,case-insensitive exact whole-entry regex,Requires semantic/human review before final coverage credit
cet4-38cd2f3c1043,development,CH090,new,1,development,development,"At this stage of development, the international airport project had a long record of safe tests.",draft_sample_verified,case-insensitive exact whole-entry regex,Requires semantic/human review before final coverage credit
cet4-42ccf7463dcc,period,CH090,new,1,period,period,Each column showed one period in the data sequence; each row showed a different condition.,draft_sample_verified,case-insensitive exact whole-entry regex,Requires semantic/human review before final coverage credit
cet4-2321df0f2544,draw,CH090,new,1,draw,draw,A group of engineers began to draw the system in the limited space on a wall.,draft_sample_verified,case-insensitive exact whole-entry regex,Requires semantic/human review before final coverage credit
cet4-71bf3a2d086e,range,CH090,new,1,range,range,"The local team used a computer screen to view every runway, road, parking area, and service car across the full range of the site, from the control-room door to the nearest street.",draft_sample_verified,case-insensitive exact whole-entry regex,Requires semantic/human review before final coverage credit
cet4-fee526ec8ab8,record,CH090,new,3,record,record,"At this stage of development, the international airport project had a long record of safe tests.",draft_sample_verified,case-insensitive exact whole-entry regex,Requires semantic/human review before final coverage credit
cet4-c4c2c48f2435,space,CH090,new,1,space,space,A group of engineers began to draw the system in the limited space on a wall.,draft_sample_verified,case-insensitive exact whole-entry regex,Requires semantic/human review before final coverage credit
cet4-4a6a4105482d,wall,CH090,new,1,wall,wall,A group of engineers began to draw the system in the limited space on a wall.,draft_sample_verified,case-insensitive exact whole-entry regex,Requires semantic/human review before final coverage credit
cet4-67eb0de347fc,statement,CH090,new,1,statement,statement,"As Lin entered, a red statement appeared: GET NEW DATA.",draft_sample_verified,case-insensitive exact whole-entry regex,Requires semantic/human review before final coverage credit
cet4-cf41fcf6f151,style,CH090,new,1,style,style,"It was not the style of warning they had designed, nor did it give the next step.",draft_sample_verified,case-insensitive exact whole-entry regex,Requires semantic/human review before final coverage credit
cet4-c0f65ff96aaa,nor,CH090,new,1,nor,nor,"It was not the style of warning they had designed, nor did it give the next step.",draft_sample_verified,case-insensitive exact whole-entry regex,Requires semantic/human review before final coverage credit
cet4-ddbba1b638cf,card,CH090,new,4,card,card,"A blue card represented food deliveries, a white card represented a medical drug shipment, and a gold card represented a high-security flight.",draft_sample_verified,case-insensitive exact whole-entry regex,Requires semantic/human review before final coverage credit
cet4-b8f1534cbe59,press,CH090,new,1,press,press,No one could press the emergency button until the control-room director confirmed the fault.,draft_sample_verified,case-insensitive exact whole-entry regex,Requires semantic/human review before final coverage credit
cet4-a9d91bdb0c4e,yard,CH090,new,1,yard,yard,"A hammer lay beside the yard marker, and a warning bell beat against the wind.",draft_sample_verified,case-insensitive exact whole-entry regex,Requires semantic/human review before final coverage credit
cet4-dce4af3c97f0,beat,CH090,new,1,beat,beat,"A hammer lay beside the yard marker, and a warning bell beat against the wind.",draft_sample_verified,case-insensitive exact whole-entry regex,Requires semantic/human review before final coverage credit
cet4-7f03c302c771,screen,CH090,new,2,screen,screen,"The local team used a computer screen to view every runway, road, parking area, and service car across the full range of the site, from the control-room door to the nearest street.",draft_sample_verified,case-insensitive exact whole-entry regex,Requires semantic/human review before final coverage credit
cet4-eb2dbb4add1e,gold,CH090,new,1,gold,gold,"A blue card represented food deliveries, a white card represented a medical drug shipment, and a gold card represented a high-security flight.",draft_sample_verified,case-insensitive exact whole-entry regex,Requires semantic/human review before final coverage credit
cet4-8f9ae22c6ba0,link,CH090,new,2,link,link,A thick string formed the link between each record and the person who approved it.,draft_sample_verified,case-insensitive exact whole-entry regex,Requires semantic/human review before final coverage credit
cet4-baf7089befbe,block,CH090,new,1,block,block,"They would block unnecessary personal data, cross-check every card, and give each operator a clear phrase for reporting an error.",draft_sample_verified,case-insensitive exact whole-entry regex,Requires semantic/human review before final coverage credit
cet4-7c6a51010123,cross,CH090,new,2,cross,cross,A red cross marked the exact link where the sequence broke.,draft_sample_verified,case-insensitive exact whole-entry regex,Requires semantic/human review before final coverage credit
cet4-f621a366931e,regulation,CH090,new,1,regulation,regulation,"A negative flag should have blocked it under privacy regulation, yet an old construction template had carried it across.",draft_sample_verified,case-insensitive exact whole-entry regex,Requires semantic/human review before final coverage credit
cet4-49b87eb7997e,construction,CH090,new,1,construction,construction,"A negative flag should have blocked it under privacy regulation, yet an old construction template had carried it across.",draft_sample_verified,case-insensitive exact whole-entry regex,Requires semantic/human review before final coverage credit
cet4-050565129585,contrast,CH090,new,1,contrast,contrast,"In contrast, the system failed to record damage on the lip of a fuel tray.",draft_sample_verified,case-insensitive exact whole-entry regex,Requires semantic/human review before final coverage credit
cet4-72e14cf81d64,lip,CH090,new,1,lip,lip,"In contrast, the system failed to record damage on the lip of a fuel tray.",draft_sample_verified,case-insensitive exact whole-entry regex,Requires semantic/human review before final coverage credit
cet4-154ef50ddfea,negative,CH090,new,1,negative,negative,"A negative flag should have blocked it under privacy regulation, yet an old construction template had carried it across.",draft_sample_verified,case-insensitive exact whole-entry regex,Requires semantic/human review before final coverage credit
cet4-0995cd1149de,tape,CH090,new,1,tape,tape,"Outside, workers used tape and a tin seal to protect a cable box.",draft_sample_verified,case-insensitive exact whole-entry regex,Requires semantic/human review before final coverage credit
cet4-6f0e7639279d,noise,CH090,new,1,noise,noise,The screen displayed noise instead of a precise measurement.,draft_sample_verified,case-insensitive exact whole-entry regex,Requires semantic/human review before final coverage credit
cet4-4b69930aac2d,sequence,CH090,new,3,sequence,sequence,Each column showed one period in the data sequence; each row showed a different condition.,draft_sample_verified,case-insensitive exact whole-entry regex,Requires semantic/human review before final coverage credit
cet4-e39921d940e4,thick,CH090,new,1,thick,thick,A thick string formed the link between each record and the person who approved it.,draft_sample_verified,case-insensitive exact whole-entry regex,Requires semantic/human review before final coverage credit
cet4-461e045eaf9e,combination,CH090,new,1,combination,combination,The visual combination exposed a gap.,draft_sample_verified,case-insensitive exact whole-entry regex,Requires semantic/human review before final coverage credit
cet4-6aae6acc0b6c,column,CH090,new,1,column,column,Each column showed one period in the data sequence; each row showed a different condition.,draft_sample_verified,case-insensitive exact whole-entry regex,Requires semantic/human review before final coverage credit
cet4-fcefaa4ec1c4,phrase,CH090,new,1,phrase,phrase,"They would block unnecessary personal data, cross-check every card, and give each operator a clear phrase for reporting an error.",draft_sample_verified,case-insensitive exact whole-entry regex,Requires semantic/human review before final coverage credit
cet4-357983f9f9a7,gene,CH090,new,1,gene,gene,The database could capture a driver's face but also contained a gene field copied from another version.,draft_sample_verified,case-insensitive exact whole-entry regex,Requires semantic/human review before final coverage credit
cet4-85b9382ad1d8,string,CH090,new,1,string,string,A thick string formed the link between each record and the person who approved it.,draft_sample_verified,case-insensitive exact whole-entry regex,Requires semantic/human review before final coverage credit
cet4-bd50a54ef890,net,CH090,new,1,net,net,"The force of habit had allowed a technical shortcut to play the role of policy, leaving no safety net when the copied field passed inspection.",draft_sample_verified,case-insensitive exact whole-entry regex,Requires semantic/human review before final coverage credit
cet4-f1e1533f2dd4,bell,CH090,new,1,bell,bell,"A hammer lay beside the yard marker, and a warning bell beat against the wind.",draft_sample_verified,case-insensitive exact whole-entry regex,Requires semantic/human review before final coverage credit
cet4-3ae5821d20fe,tin,CH090,new,1,tin,tin,"Outside, workers used tape and a tin seal to protect a cable box.",draft_sample_verified,case-insensitive exact whole-entry regex,Requires semantic/human review before final coverage credit
cet4-a45a2bcf9fd7,remainder,CH090,new,1,remainder,remainder,"Lin removed the copied field, but the remainder of the sequence still needed review.",draft_sample_verified,case-insensitive exact whole-entry regex,Requires semantic/human review before final coverage credit
cet4-d0acd735684b,seal,CH090,new,1,seal,seal,"Outside, workers used tape and a tin seal to protect a cable box.",draft_sample_verified,case-insensitive exact whole-entry regex,Requires semantic/human review before final coverage credit
cet4-1389970b6be0,hammer,CH090,new,1,hammer,hammer,"A hammer lay beside the yard marker, and a warning bell beat against the wind.",draft_sample_verified,case-insensitive exact whole-entry regex,Requires semantic/human review before final coverage credit
cet4-533318ea94a5,runway,CH090,new,2,runway,runway,"The local team used a computer screen to view every runway, road, parking area, and service car across the full range of the site, from the control-room door to the nearest street.",draft_sample_verified,case-insensitive exact whole-entry regex,Requires semantic/human review before final coverage credit
cet4-5bf6244b556d,area,CH090,review,1,area,area,"The local team used a computer screen to view every runway, road, parking area, and service car across the full range of the site, from the control-room door to the nearest street.",draft_sample_verified,case-insensitive exact whole-entry regex,Requires semantic/human review before final coverage credit
cet4-d9ecfbdf3cb6,as,CH090,review,1,as,As,"As Lin entered, a red statement appeared: GET NEW DATA.",draft_sample_verified,case-insensitive exact whole-entry regex,Requires semantic/human review before final coverage credit
cet4-f5b836e76dc7,car,CH090,review,1,car,car,"The local team used a computer screen to view every runway, road, parking area, and service car across the full range of the site, from the control-room door to the nearest street.",draft_sample_verified,case-insensitive exact whole-entry regex,Requires semantic/human review before final coverage credit
cet4-2f401fc0b578,condition,CH090,review,1,condition,condition,Each column showed one period in the data sequence; each row showed a different condition.,draft_sample_verified,case-insensitive exact whole-entry regex,Requires semantic/human review before final coverage credit
cet4-c7621e975128,door,CH090,review,1,door,door,"The local team used a computer screen to view every runway, road, parking area, and service car across the full range of the site, from the control-room door to the nearest street.",draft_sample_verified,case-insensitive exact whole-entry regex,Requires semantic/human review before final coverage credit
cet4-306335b276bb,drug,CH090,review,1,drug,drug,"A blue card represented food deliveries, a white card represented a medical drug shipment, and a gold card represented a high-security flight.",draft_sample_verified,case-insensitive exact whole-entry regex,Requires semantic/human review before final coverage credit
cet4-bc80f3ad70c2,food,CH090,review,1,food,food,"A blue card represented food deliveries, a white card represented a medical drug shipment, and a gold card represented a high-security flight.",draft_sample_verified,case-insensitive exact whole-entry regex,Requires semantic/human review before final coverage credit
cet4-3515b47cc8db,force,CH090,review,1,force,force,"The force of habit had allowed a technical shortcut to play the role of policy, leaving no safety net when the copied field passed inspection.",draft_sample_verified,case-insensitive exact whole-entry regex,Requires semantic/human review before final coverage credit
cet4-f1d1cf391182,give,CH090,review,2,give,give,"It was not the style of warning they had designed, nor did it give the next step.",draft_sample_verified,case-insensitive exact whole-entry regex,Requires semantic/human review before final coverage credit
cet4-aad5b262f37a,international,CH090,review,1,international,international,"At this stage of development, the international airport project had a long record of safe tests.",draft_sample_verified,case-insensitive exact whole-entry regex,Requires semantic/human review before final coverage credit
cet4-379ca1cab4f0,it,CH090,review,5,it,It,"It was not the style of warning they had designed, nor did it give the next step.",draft_sample_verified,case-insensitive exact whole-entry regex,Requires semantic/human review before final coverage credit
cet4-6c1f79dde65f,local,CH090,review,1,local,local,"The local team used a computer screen to view every runway, road, parking area, and service car across the full range of the site, from the control-room door to the nearest street.",draft_sample_verified,case-insensitive exact whole-entry regex,Requires semantic/human review before final coverage credit
cet4-52c2cd56d07e,next,CH090,review,1,next,next,"It was not the style of warning they had designed, nor did it give the next step.",draft_sample_verified,case-insensitive exact whole-entry regex,Requires semantic/human review before final coverage credit
cet4-d370b815c66a,play,CH090,review,1,play,play,"The force of habit had allowed a technical shortcut to play the role of policy, leaving no safety net when the copied field passed inspection.",draft_sample_verified,case-insensitive exact whole-entry regex,Requires semantic/human review before final coverage credit
cet4-f0a45402a53a,road,CH090,review,1,road,road,"The local team used a computer screen to view every runway, road, parking area, and service car across the full range of the site, from the control-room door to the nearest street.",draft_sample_verified,case-insensitive exact whole-entry regex,Requires semantic/human review before final coverage credit
cet4-d85de2ba66a8,stage,CH090,review,1,stage,stage,"At this stage of development, the international airport project had a long record of safe tests.",draft_sample_verified,case-insensitive exact whole-entry regex,Requires semantic/human review before final coverage credit
cet4-efe15c456080,street,CH090,review,1,street,street,"The local team used a computer screen to view every runway, road, parking area, and service car across the full range of the site, from the control-room door to the nearest street.",draft_sample_verified,case-insensitive exact whole-entry regex,Requires semantic/human review before final coverage credit
cet4-c92729b9ee33,thus,CH090,review,1,thus,Thus,Thus the delay became evidence rather than embarrassment.,draft_sample_verified,case-insensitive exact whole-entry regex,Requires semantic/human review before final coverage credit
